Station_Name,Station_Latitude,Station_Longitude,Glacier_Name,Glacier_Latitude,Glacier_Longitude
GDH,69.25,-53.533,GL2U1HA03006,69.28,-53.56
GDH,69.25,-53.533,GL2U1HA03007,69.26,-53.55
GDH,69.25,-53.533,GL2U1HA04001,69.28,-53.55
MRZ1,42.2246,79.8597,SU5X14208098,42.26,79.88
MRZ1,42.2246,79.8597,SU5X14209106,42.2,79.89
MRZ1,42.2246,79.8597,SU5X14209044,42.23,79.81
MRZ1,42.2246,79.8597,SU5X14209049,42.25,79.88
MRZ1,42.2246,79.8597,SU5X14209108,42.2,79.87
MRZ1,42.2246,79.8597,SU5X14209045,42.24,79.83
MRZ1,42.2246,79.8597,SU5X14209109,42.19,79.86
MRZ1,42.2246,79.8597,SU5X14209048,42.24,79.87
MRZ1,42.2246,79.8597,SU5X14209110,42.19,79.85
MRZ1,42.2246,79.8597,SU5X14208100,42.26,79.83
MRZ1,42.2246,79.8597,SU5X14209050,42.21,79.82
MRZ1,42.2246,79.8597,SU5X14209051,42.25,79.89
MRZ1,42.2246,79.8597,SU5X14209047,42.24,79.86
MRZ1,42.2246,79.8597,SU5X14209105,42.21,79.89
MRZ1,42.2246,79.8597,SU5X14209046,42.24,79.86
MRZ1,42.2246,79.8597,SU5X14208099,42.26,79.86
MRZ1,42.2246,79.8597,SU5X14209107,42.21,79.88
BLANC,45.8444,6.934,FR4N01236A12,45.885,6.957
BLANC,45.8444,6.934,IT4L01517016,45.841,6.955
BLANC,45.8444,6.934,IT4L01517016,45.841,6.955
BLANC,45.8444,6.934,IT4L01517018,45.854,6.971
BLANC,45.8444,6.934,IT4L01517018,45.854,6.971
BLANC,45.8444,6.934,FR4N01236A11,45.883,6.957
BLANC,45.8444,6.934,IT4L01517014,45.841,6.935
BLANC,45.8444,6.934,IT4L01517013,45.839,6.924
BLANC,45.8444,6.934,IT4L01517013,45.839,6.924
BLANC,45.8444,6.934,IT4L01517011,45.822,6.903
BLANC,45.8444,6.934,IT4L01517011,45.822,6.903
BLANC,45.8444,6.934,FR4N01236A13,45.873,6.938
BLANC,45.8444,6.934,IT4L01517017,45.843,6.954
BLANC,45.8444,6.934,IT4L01517017,45.843,6.954
BLANC,45.8444,6.934,IT4L01517012,45.836,6.92
BLANC,45.8444,6.934,IT4L01517012,45.836,6.92
BLANC,45.8444,6.934,IT4L01517015,45.839,6.939
BLANC,45.8444,6.934,IT4L01517015,45.839,6.939
CIRO,45.6019,7.5681,IT4L01505003,45.624,7.525
CIRO,45.6019,7.5681,IT4L01505001,45.637,7.54
LSD,45.4596,7.1339,FR4N01153B11,45.418,7.15
LSD,45.4596,7.1339,IT4L01451007,45.431,7.133
LSD,45.4596,7.1339,IT4L01451013,45.479,7.117
LSD,45.4596,7.1339,IT4L01451004,45.417,7.154
LSD,45.4596,7.1339,FR4N01144E15,45.468,7.093
LSD,45.4596,7.1339,IT4L01451009,45.433,7.117
LSD,45.4596,7.1339,FR4N01144E24,45.436,7.093
LSD,45.4596,7.1339,IT4L01451008,45.433,7.125
LSD,45.4596,7.1339,FR4N01153B10,45.426,7.117
LSD,45.4596,7.1339,FR4N01144E18,45.458,7.092
LSD,45.4596,7.1339,FR4N01144E16,45.459,7.087
LSD,45.4596,7.1339,IT4L01514007,45.489,7.109
LSD,45.4596,7.1339,FR4N01144E20,45.454,7.091
LSD,45.4596,7.1339,IT4L01451011,45.45,7.106
LSD,45.4596,7.1339,FR4N01144E21,45.453,7.091
LSD,45.4596,7.1339,IT4L01514008,45.473,7.102
LSD,45.4596,7.1339,IT4L01514008,45.473,7.102
LSD,45.4596,7.1339,FR4N01144E23,45.443,7.092
LSD,45.4596,7.1339,IT4L01451010,45.447,7.117
LSD,45.4596,7.1339,IT4L01514006,45.502,7.127
LSD,45.4596,7.1339,IT4L01514006,45.502,7.127
LSD,45.4596,7.1339,FR4N01144E22,45.438,7.122
LSD,45.4596,7.1339,IT4L01515022,45.41,7.137
LSD,45.4596,7.1339,FR4N01153B09,45.426,7.105
LSD,45.4596,7.1339,IT4L01451006,45.431,7.149
LSD,45.4596,7.1339,FR4N01144E17,45.459,7.09
LSD,45.4596,7.1339,IT4L01451012,45.456,7.108
LSD,45.4596,7.1339,FR4N01144E19,45.456,7.091
REMY,45.8378,7.1565,IT4L01521004,45.869,7.136
REMY,45.8378,7.1565,IT4L01521003,45.856,7.12
REMY,45.8378,7.1565,IT4L01521003,45.856,7.12
REMY,45.8378,7.1565,CH4N01384023,45.866,7.178
REMY,45.8378,7.1565,CH4N01384024,45.882,7.158
SATI,45.8754,7.8685,IT4L01042003,45.829,7.882
SATI,45.8754,7.8685,IT4L01042004,45.836,7.872
SATI,45.8754,7.8685,IT4L01042005,45.855,7.88
SATI,45.8754,7.8685,IT4L01508305,45.9,7.852
SATI,45.8754,7.8685,IT4L01042006,45.889,7.871
SATI,45.8754,7.8685,IT4L01042007,45.908,7.878
SATI,45.8754,7.8685,IT4L01042008,45.915,7.883
SATI,45.8754,7.8685,IT4L01042009,45.917,7.894
SATI,45.8754,7.8685,IT4L01502003,45.891,7.856
SATI,45.8754,7.8685,IT4L01502003,45.891,7.856
BRMO,46.47616,10.37218,IT4L01139007,46.494,10.415
BRMO,46.47616,10.37218,IT4L01139006,46.494,10.417
BRMO,46.47616,10.37218,IT4L01139008,46.494,10.404
MABI,46.05492,10.514,IT4L01024012,46.025,10.485
MABI,46.05492,10.514,IT4L01021017,46.047,10.557
MABI,46.05492,10.514,IT4L01021018,46.042,10.547
MABI,46.05492,10.514,IT4L01024011,46.099,10.533
MRGE,45.76975,7.06101,IT4L01517034,45.809,7.056
MRGE,45.76975,7.06101,IT4L01517034,45.809,7.056
TUE,46.47223,9.34732,CH4R0133I002,46.513,9.369
TUE,46.47223,9.34732,CH4R0133J002,46.516,9.359
TUE,46.47223,9.34732,CH4R0133J003,46.511,9.36
TUE,46.47223,9.34732,IT4L01113007,46.506,9.361
TUE,46.47223,9.34732,IT4L01113008,46.504,9.372
TUE,46.47223,9.34732,CH4R0133I003,46.516,9.367
CARE,46.4252,10.6945,IT4L00102301,46.421,10.731
CARE,46.4252,10.6945,IT4L00102519,46.447,10.704
CARE,46.4252,10.6945,IT4L00112119,46.473,10.706
CARE,46.4252,10.6945,IT4L00112124,46.456,10.67
CARE,46.4252,10.6945,IT4L00112122,46.458,10.683
CARE,46.4252,10.6945,IT4L00112123,46.458,10.671
CARE,46.4252,10.6945,IT4L00112121,46.464,10.693
CARE,46.4252,10.6945,IT4L00102520,46.423,10.722
CARE,46.4252,10.6945,IT4L00102307,46.467,10.721
CARE,46.4252,10.6945,IT4L00102302,46.428,10.733
CARE,46.4252,10.6945,IT4L00102518,46.45,10.67
CARE,46.4252,10.6945,IT4L00102303,46.446,10.725
CARE,46.4252,10.6945,IT4L00102304,46.454,10.728
CARE,46.4252,10.6945,IT4L00112120,46.467,10.7
ESPZ,-63.398102,-56.996399,AQ7TPE000093,-63.4235,-57.0382
ESPZ,-63.398102,-56.996399,AQ7TPE000001,-63.4299,-56.9758
JUBA,-62.237301,-58.662701,AQ7SSI000105,-62.216,-58.6493
ORCD,-60.738098,-44.736099,AQ6C20200034,-60.74,-44.727
ORCD,-60.738098,-44.736099,AQ6C20200035,-60.742,-44.761
ORCD,-60.738098,-44.736099,AQ6C20200005,-60.742,-44.711
ORCD,-60.738098,-44.736099,AQ6C20200006,-60.732,-44.689
ORCD,-60.738098,-44.736099,AQ6C20200036,-60.74,-44.776
ORCD,-60.738098,-44.736099,AQ6C20200003,-60.739,-44.749
ORCD,-60.738098,-44.736099,AQ6C20200033,-60.753,-44.698
ORCD,-60.738098,-44.736099,AQ6C20200004,-60.735,-44.729
ORCD,-60.738098,-44.736099,AQ6C20200002,-60.734,-44.768
DIV,61.1292,-145.7749,US2N00400603,61.16,-145.79
REDDE,-16.287,-68.13,BO1D22173131,-16.274,-68.15
REDDE,-16.287,-68.13,BO1D22173137,-16.243,-68.145
REDDE,-16.287,-68.13,BO1D22173216,-16.246,-68.157
REDDE,-16.287,-68.13,BO1O0A133014,-16.278,-68.16
REDDE,-16.287,-68.13,BO1D22173134,-16.26,-68.149
REDDE,-16.287,-68.13,BO1D22173136,-16.249,-68.145
REDDE,-16.287,-68.13,BO1O0A131393,-16.263,-68.173
REDDE,-16.287,-68.13,BO1O0A133011,-16.28,-68.165
REDDE,-16.287,-68.13,BO1D22173132,-16.266,-68.148
REDDE,-16.287,-68.13,BO1D22173133,-16.266,-68.14
REDDE,-16.287,-68.13,BO1O0A133012,-16.279,-68.161
REDDE,-16.287,-68.13,BO1D22173215,-16.253,-68.151
REDDE,-16.287,-68.13,BO1O0A133016,-16.282,-68.143
REDDE,-16.287,-68.13,BO1D22173135,-16.252,-68.143
REDDE,-16.287,-68.13,BO1O0A132202,-16.267,-68.154
REDDE,-16.287,-68.13,BO1D22173217,-16.257,-68.155
REDDE,-16.287,-68.13,BO1O0A133013,-16.278,-68.161
REDDE,-16.287,-68.13,BO1O0A133015,-16.275,-68.151
REDDE,-16.287,-68.13,BO1O0A132203,-16.276,-68.163
REDDE,-16.287,-68.13,BO1O0A133017,-16.288,-68.142
GO06,-39.5839,-71.472,AR1I0133D017,-39.622,-71.491
GO06,-39.5839,-71.472,AR1I0133D019,-39.627,-71.484
GO08,-48.4648,-72.5566,AR1L44220001,-48.483,-72.533
IN44,-62.478742,-59.664009,AQ6C20106007,-62.489,-59.617
IN44,-62.478742,-59.664009,AQ7SSI000303,-62.5004,-59.6666
IN44,-62.478742,-59.664009,AQ7SSI000301,-62.4892,-59.6272
IN44,-62.478742,-59.664009,AQ7SSI003200,-62.5151,-59.6512
IN44,-62.478742,-59.664009,AQ6C20106006,-62.498,-59.657
MT04,-33.466388,-70.136194,CL1M005F0001,-33.452,-70.098
MT04,-33.466388,-70.136194,CL1M005H0009,-33.449,-70.176
MT08,-33.405158,-70.133366,CL1M005F0010,-33.377,-70.097
MT08,-33.405158,-70.133366,CL1M005G0081,-33.426,-70.099
MT08,-33.405158,-70.133366,CL1M005G0007,-33.386,-70.165
ARAT,46.789,-121.853,US2M00551002,46.817,-121.817
COPP,46.79798,-121.82875,US2M00551002,46.817,-121.817
COPP,46.79798,-121.82875,US2M00552001,46.82,-121.792
COPP,46.79798,-121.82875,US2M00543002,46.833,-121.825
COPP,46.79798,-121.82875,US2M00551001,46.833,-121.825
COPP,46.79798,-121.82875,US2M00552003,46.817,-121.783
MILD,46.8081,-121.77568,US2M00552002,46.825,-121.783
MILD,46.8081,-121.77568,US2M00551002,46.817,-121.817
MILD,46.8081,-121.77568,US2M00552001,46.82,-121.792
MILD,46.8081,-121.77568,US2M00553001,46.817,-121.767
MILD,46.8081,-121.77568,US2M00553003,46.8,-121.742
MILD,46.8081,-121.77568,US2M00552003,46.817,-121.783
MILD,46.8081,-121.77568,US2M00553002,46.817,-121.747
OBSR,46.899719,-121.815331,US2M00542002,46.883,-121.817
OBSR,46.899719,-121.815331,US2M00542003,46.87,-121.825
OBSR,46.899719,-121.815331,US2M00541001,46.933,-121.783
OBSR,46.899719,-121.815331,US2M00542004,46.867,-121.833
OBSR,46.899719,-121.815331,US2M00542001,46.908,-121.808
OBSR,46.899719,-121.815331,US2M00541002,46.905,-121.783
PANH,46.859032,-121.642592,US2M00531003,46.875,-121.683
PANH,46.859032,-121.642592,US2M00531002,46.858,-121.683
PANH,46.859032,-121.642592,US2M00531001,46.858,-121.625
PANH,46.859032,-121.642592,US2M10092001,46.842,-121.672
PARA,46.786441,-121.742195,US2M00553001,46.817,-121.767
PARA,46.786441,-121.742195,US2M00553003,46.8,-121.742
PARA,46.786441,-121.742195,US2M00553002,46.817,-121.747
TABR,46.80435,-121.84948,US2M00543001,46.85,-121.833
TABR,46.80435,-121.84948,US2M00551002,46.817,-121.817
TABR,46.80435,-121.84948,US2M00543002,46.833,-121.825
TABR,46.80435,-121.84948,US2M00551001,46.833,-121.825
ANTS,-0.4973,-78.170403,EC1D30307015,-0.47,-78.15
ANTS,-0.4973,-78.170403,EC1D30307014,-0.477,-78.153
ANTS,-0.4973,-78.170403,EC1D30307011,-0.497,-78.15
ANTS,-0.4973,-78.170403,EC1D30307008,-0.503,-78.133
ANTS,-0.4973,-78.170403,EC1D30307012,-0.492,-78.157
ANTS,-0.4973,-78.170403,EC1D30307017,-0.463,-78.135
ANTS,-0.4973,-78.170403,EC1D30307016,-0.463,-78.142
ANTS,-0.4973,-78.170403,EC1D30307007,-0.503,-78.125
ANTS,-0.4973,-78.170403,EC1D30307009,-0.502,-78.142
ANTS,-0.4973,-78.170403,EC1D30307010,-0.5,-78.147
ANTS,-0.4973,-78.170403,EC1D30307013,-0.483,-78.155
CHSH,-1.49385,-78.869331,EC1Q00011020,-1.465,-78.845
CHSH,-1.49385,-78.869331,EC1Q00011018,-1.477,-78.833
CHSH,-1.49385,-78.869331,EC1Q00011021,-1.458,-78.847
CHSH,-1.49385,-78.869331,EC1Q00011019,-1.468,-78.842
PORT,-1.4633,-78.773102,EC1Q00011010,-1.477,-78.792
PORT,-1.4633,-78.773102,EC1Q00011001,-1.438,-78.812
PORT,-1.4633,-78.773102,EC1Q00011008,-1.473,-78.787
PORT,-1.4633,-78.773102,EC1Q00011011,-1.477,-78.793
PORT,-1.4633,-78.773102,EC1Q00011004,-1.45,-78.79
PORT,-1.4633,-78.773102,EC1Q00011014,-1.482,-78.803
PORT,-1.4633,-78.773102,EC1Q00011002,-1.44,-78.802
PORT,-1.4633,-78.773102,EC1Q00011012,-1.477,-78.795
PORT,-1.4633,-78.773102,EC1Q00011003,-1.442,-78.795
PORT,-1.4633,-78.773102,EC1Q00011013,-1.478,-78.798
PORT,-1.4633,-78.773102,EC1Q00011007,-1.47,-78.787
PORT,-1.4633,-78.773102,EC1Q00011009,-1.477,-78.788
PORT,-1.4633,-78.773102,EC1Q00011015,-1.482,-78.81
PORT,-1.4633,-78.773102,EC1Q00011005,-1.458,-78.79
PORT,-1.4633,-78.773102,EC1Q00011006,-1.462,-78.788
LPAZ,-16.287923,-68.130714,BO1D22173131,-16.274,-68.15
LPAZ,-16.287923,-68.130714,BO1D22173137,-16.243,-68.145
LPAZ,-16.287923,-68.130714,BO1D22173216,-16.246,-68.157
LPAZ,-16.287923,-68.130714,BO1O0A133014,-16.278,-68.16
LPAZ,-16.287923,-68.130714,BO1D22173134,-16.26,-68.149
LPAZ,-16.287923,-68.130714,BO1D22173136,-16.249,-68.145
LPAZ,-16.287923,-68.130714,BO1O0A131393,-16.263,-68.173
LPAZ,-16.287923,-68.130714,BO1O0A133011,-16.28,-68.165
LPAZ,-16.287923,-68.130714,BO1D22173132,-16.266,-68.148
LPAZ,-16.287923,-68.130714,BO1D22173133,-16.266,-68.14
LPAZ,-16.287923,-68.130714,BO1O0A133012,-16.279,-68.161
LPAZ,-16.287923,-68.130714,BO1D22173215,-16.253,-68.151
LPAZ,-16.287923,-68.130714,BO1O0A133016,-16.282,-68.143
LPAZ,-16.287923,-68.130714,BO1D22173135,-16.252,-68.143
LPAZ,-16.287923,-68.130714,BO1O0A132202,-16.267,-68.154
LPAZ,-16.287923,-68.130714,BO1D22173217,-16.257,-68.155
LPAZ,-16.287923,-68.130714,BO1O0A133013,-16.278,-68.161
LPAZ,-16.287923,-68.130714,BO1O0A133015,-16.275,-68.151
LPAZ,-16.287923,-68.130714,BO1O0A132203,-16.276,-68.163
LPAZ,-16.287923,-68.130714,BO1O0A133017,-16.288,-68.142
EVN,27.958651,86.811653,NP5O191EA150,27.941,86.854
EVN,27.958651,86.811653,NP5O191EA147,27.927,86.83
EVN,27.958651,86.811653,NP5O191EA129,27.951,86.794
EVN,27.958651,86.811653,NP5O191EA130,27.96,86.8
EVN,27.958651,86.811653,NP5O191EA131,27.966,86.802
EVN,27.958651,86.811653,NP5O191EA126,27.97,86.772
EVN,27.958651,86.811653,NP5O191EA146,27.927,86.833
EVN,27.958651,86.811653,NP5O191EA128,27.966,86.778
EVN,27.958651,86.811653,NP5O191EA133,27.975,86.831
EVN,27.958651,86.811653,NP5O191EA144,27.96,86.851
EVN,27.958651,86.811653,NP5O191EA151,27.949,86.854
EVN,27.958651,86.811653,NP5O191EA127,27.97,86.776
EVN,27.958651,86.811653,NP5O191EA132,27.973,86.786
EVN,27.958651,86.811653,NP5O191EA145,27.953,86.85
EVN,27.958651,86.811653,NP5O191EA148,27.926,86.838
EVN,27.958651,86.811653,NP5O191EA143,27.962,86.855
EVN,27.958651,86.811653,NP5O191EA149,27.938,86.842
KZA,42.077801,75.249603,SU5X14203077,42.07,75.29
KZA,42.077801,75.249603,SU5X14203076,42.07,75.28
KBA,47.0784,13.3447,AT4J132MU006,47.098,13.368
KBA,47.0784,13.3447,AT4J132MU002,47.075,13.393
KBA,47.0784,13.3447,AT4J131LI013,47.053,13.332
KBA,47.0784,13.3447,AT4J131LI024,47.082,13.382
KBA,47.0784,13.3447,AT4J132MU004,47.097,13.378
KBA,47.0784,13.3447,AT4J132MU005,47.097,13.373
KBA,47.0784,13.3447,AT4J131LI012,47.042,13.333
KBA,47.0784,13.3447,AT4J132MU003,47.097,13.387
RCM,46.83564,-121.73298,US2M00531004,46.883,-121.717
RCM,46.83564,-121.73298,US2M10091002,46.817,-121.7
RCM,46.83564,-121.73298,US2M00553001,46.817,-121.767
RCM,46.83564,-121.73298,US2M00553003,46.8,-121.742
RCM,46.83564,-121.73298,US2M00553002,46.817,-121.747
RER,46.81858,-121.8425,US2M00543001,46.85,-121.833
RER,46.81858,-121.8425,US2M00551002,46.817,-121.817
RER,46.81858,-121.8425,US2M00542004,46.867,-121.833
RER,46.81858,-121.8425,US2M00543002,46.833,-121.825
RER,46.81858,-121.8425,US2M00551001,46.833,-121.825
SHUK,48.85284,-121.67695,US2M00125001,48.85,-121.7
SHUK,48.85284,-121.67695,US2M00212003,48.817,-121.667
SHUK,48.85284,-121.67695,US2M00124003,48.833,-121.633
SHUK,48.85284,-121.67695,US2M00124004,48.833,-121.633
STAR,46.850849,-121.792953,US2M00542002,46.883,-121.817
STAR,46.850849,-121.792953,US2M00552002,46.825,-121.783
STAR,46.850849,-121.792953,US2M00543001,46.85,-121.833
STAR,46.850849,-121.792953,US2M00542003,46.87,-121.825
STAR,46.850849,-121.792953,US2M00551002,46.817,-121.817
STAR,46.850849,-121.792953,US2M00542004,46.867,-121.833
STAR,46.850849,-121.792953,US2M00552001,46.82,-121.792
STAR,46.850849,-121.792953,US2M00543002,46.833,-121.825
STAR,46.850849,-121.792953,US2M00553001,46.817,-121.767
STAR,46.850849,-121.792953,US2M00551001,46.833,-121.825
STAR,46.850849,-121.792953,US2M00552003,46.817,-121.783
SCE,47.0378,11.709,AT4J143ZI089,47.0,11.713
SCE,47.0378,11.709,AT4J143ZI096,47.053,11.663
SCE,47.0378,11.709,AT4J143ZI081,47.025,11.75
SCE,47.0378,11.709,AT4J143ZI100,47.082,11.712
SCE,47.0378,11.709,AT4J143ZI097,47.053,11.675
SCE,47.0378,11.709,AT4J143ZI082,47.028,11.742
SCE,47.0378,11.709,AT4J143ZI106,47.087,11.703
SCE,47.0378,11.709,AT4J143ZI098,47.06,11.683
SCE,47.0378,11.709,AT4J143ZI107,47.08,11.7
SCE,47.0378,11.709,AT4J143ZI108,47.077,11.693
SCE,47.0378,11.709,AT4J143ZI099,47.065,11.685
SCE,47.0378,11.709,AT4J143ZI109,47.073,11.685
SCE,47.0378,11.709,AT4J143ZI080,47.025,11.755
ZUGS,47.416779,10.97694,DE4J144IS002,47.4,10.967
ZUGS,47.416779,10.97694,DE4J144IS001,47.417,10.983
ZUGS,47.416779,10.97694,DE4J144IS003,47.383,11.0
A035B,47.160486,12.64199,AT4J143SA077,47.163,12.68
A035B,47.160486,12.64199,AT4J143SA085,47.173,12.677
A035B,47.160486,12.64199,AT4J143SA075,47.16,12.687
A035B,47.160486,12.64199,AT4J143SA098,47.14,12.597
A035B,47.160486,12.64199,AT4J143SA099,47.145,12.602
A035B,47.160486,12.64199,AT4J143SA087,47.158,12.677
A035B,47.160486,12.64199,AT4J143SA074,47.152,12.678
A035B,47.160486,12.64199,AT4J143SA084,47.178,12.682
A035B,47.160486,12.64199,AT4J143SA086,47.168,12.678
A035B,47.160486,12.64199,AT4J143SA096,47.123,12.615
A035B,47.160486,12.64199,AT4J143SA078,47.178,12.687
A035B,47.160486,12.64199,AT4J143SA093,47.12,12.665
A035B,47.160486,12.64199,AT4J143SA100,47.15,12.597
A035B,47.160486,12.64199,AT4J143SA082,47.193,12.673
A035B,47.160486,12.64199,AT4J143SA095,47.112,12.637
A035B,47.160486,12.64199,AT4J143SA088,47.162,12.672
A035B,47.160486,12.64199,AT4J143SA091,47.133,12.663
A035B,47.160486,12.64199,AT4J143SA089,47.147,12.668
A035B,47.160486,12.64199,AT4J143SA101,47.145,12.597
A035B,47.160486,12.64199,AT4J143SA092,47.125,12.658
A035B,47.160486,12.64199,AT4J143SA083,47.185,12.682
A035B,47.160486,12.64199,AT4J143SA090,47.128,12.672
BTB,49.4686,-125.5226,CA2M001CD014,49.481,-125.522
BTB,49.4686,-125.5226,CA2M001CD012,49.501,-125.494
BTB,49.4686,-125.5226,CA2M001CB039,49.476,-125.509
BTB,49.4686,-125.5226,CA2M001CB041,49.474,-125.494
BTB,49.4686,-125.5226,CA2M001CB040,49.472,-125.495
BTB,49.4686,-125.5226,CA2M001CD013,49.484,-125.5
BTB,49.4686,-125.5226,CA2M001CB038,49.455,-125.56
BTB,49.4686,-125.5226,CA2M001CB037,49.432,-125.545
BTB,49.4686,-125.5226,CA2M001CC041,49.463,-125.571
BTB,49.4686,-125.5226,CA2M001CC040,49.467,-125.567
HYT,60.8267,-137.5072,CA2N003AA017,60.816,-137.513
MYRA,49.551,-125.5705,CA2M001CD015,49.554,-125.595
MYRA,49.551,-125.5705,CA2M001CD017,49.544,-125.607
MYRA,49.551,-125.5705,CA2M001CD016,49.544,-125.602
PLBC,59.455,-136.3659,CA2N002EB055,59.472,-136.331
YUK3,61.7755,-140.4595,CA2O014BD003,61.759,-140.481
YUK3,61.7755,-140.4595,CA2O014BC040,61.809,-140.427
YUK3,61.7755,-140.4595,CA2O014BC042,61.823,-140.474
YUK4,61.4348,-138.5463,CA2O014AI053,61.434,-138.518
YUK6,60.9432,-138.3626,CA2O014AK009,60.912,-138.394
YUK6,60.9432,-138.3626,CA2O014AK010,60.941,-138.37
YUK6,60.9432,-138.3626,CA2O014AK007,60.9,-138.373
YUK6,60.9432,-138.3626,CA2O014AK011,60.932,-138.376
YUK6,60.9432,-138.3626,CA2O014AK008,60.914,-138.374
YUK7,60.5307,-138.1399,CA2N003BI016,60.533,-138.175
YUK7,60.5307,-138.1399,CA2N003BI012,60.52,-138.143
YUK7,60.5307,-138.1399,CA2N003BI015,60.53,-138.157
YUK7,60.5307,-138.1399,CA2N003BI011,60.517,-138.16
YUK7,60.5307,-138.1399,CA2N003BI013,60.531,-138.13
YUK7,60.5307,-138.1399,CA2N003BI014,60.527,-138.148
YUK7,60.5307,-138.1399,CA2N003BI017,60.536,-138.184
YUK8,61.2844,-139.7646,CA2O014AR122,61.258,-139.77
YUK8,61.2844,-139.7646,CA2O014AS002,61.279,-139.782
YUK8,61.2844,-139.7646,CA2O014AS003,61.269,-139.807
YUK8,61.2844,-139.7646,CA2O014AS001,61.282,-139.769
JUBA,-62.237299,-58.6627,AQ7SSI000105,-62.216,-58.6493
FETA,47.0211,10.7291,AT4J143CB001,46.99,10.702
FETA,47.0211,10.7291,AT4J143CB002,46.985,10.697
R4DE2,-62.18018018,-58.88525493,AQ7SSI000101,-62.1649,-58.8852
R91FE,45.20720721,6.700511343,FR4N01154B13,45.159,6.71
RC786,46.77477477,10.15614278,CH4J14306001,46.735,10.158
RC786,46.77477477,10.15614278,CH4J14307001,46.728,10.146
RC786,46.77477477,10.15614278,CH4J14306002,46.726,10.153
RE6E8,60.31531532,-44.90602069,GL2U1AC13011,60.36,-44.9
RE6E8,60.31531532,-44.90602069,GL2U1AC15001,60.3,-44.86
RE6E8,60.31531532,-44.90602069,GL2U1AC15003,60.28,-44.93
RE6E8,60.31531532,-44.90602069,GL2U1AC13012,60.35,-44.91
RE6E8,60.31531532,-44.90602069,GL2U1AC14001,60.35,-44.93
RE6E8,60.31531532,-44.90602069,GL2U1AC13013,60.35,-44.93
RE6E8,60.31531532,-44.90602069,GL2U1AC14020,60.3,-44.86
CI19,45.9449,6.89867,FR4N01236A15,45.903,6.92
CI19,45.9449,6.89867,FR4N01233B02,45.983,6.888
CI19,45.9449,6.89867,FR4N01236A17,45.907,6.919
CI19,45.9449,6.89867,FR4N01236A01,45.95,6.933
CI19,45.9449,6.89867,FR4N01236A03,45.943,6.942
CI19,45.9449,6.89867,FR4N01233B01,45.933,6.885
CI19,45.9449,6.89867,FR4N01237A01,45.902,6.917
CI19,45.9449,6.89867,FR4N01233A01,45.95,6.883
CI19,45.9449,6.89867,FR4N01237B03,45.9,6.902
CI19,45.9449,6.89867,FR4N01236A16,45.907,6.92
CI19,45.9449,6.89867,FR4N01236A04,45.942,6.942
CI20,45.8203,6.96349,IT4L01517020,45.854,6.991
CI20,45.8203,6.96349,IT4L01517020,45.854,6.991
CI20,45.8203,6.96349,IT4L01517019,45.853,6.985
CI20,45.8203,6.96349,IT4L01517019,45.853,6.985
CI20,45.8203,6.96349,IT4L01517016,45.841,6.955
CI20,45.8203,6.96349,IT4L01517016,45.841,6.955
CI20,45.8203,6.96349,IT4L01517018,45.854,6.971
CI20,45.8203,6.96349,IT4L01517018,45.854,6.971
CI20,45.8203,6.96349,IT4L01517014,45.841,6.935
CI20,45.8203,6.96349,IT4L01517013,45.839,6.924
CI20,45.8203,6.96349,IT4L01517013,45.839,6.924
CI20,45.8203,6.96349,IT4L01517017,45.843,6.954
CI20,45.8203,6.96349,IT4L01517017,45.843,6.954
CI20,45.8203,6.96349,IT4L01517021,45.858,6.992
CI20,45.8203,6.96349,IT4L01517021,45.858,6.992
CI20,45.8203,6.96349,IT4L01517012,45.836,6.92
CI20,45.8203,6.96349,IT4L01517012,45.836,6.92
CI20,45.8203,6.96349,IT4L01517015,45.839,6.939
CI20,45.8203,6.96349,IT4L01517015,45.839,6.939
OGCY,45.472393,6.712353,FR4N01146A01,45.49,6.753
OGCY,45.472393,6.712353,FR4N01146B22,45.437,6.736
OGSA,45.036806,6.400931,FR4N01154C11,45.068,6.385
OGSA,45.036806,6.400931,FR4N01154C12,45.069,6.371
OGSA,45.036806,6.400931,FR4N01154C09,45.068,6.439
OGSA,45.036806,6.400931,FR4N01154C13,45.071,6.373
OGSA,45.036806,6.400931,FR4N01154C10,45.067,6.4
OGSA,45.036806,6.400931,FR4N01165A02,44.99,6.405
OGSA,45.036806,6.400931,FR4N01165A01,45.002,6.402
OGSA,45.036806,6.400931,FR4N01154C08,45.057,6.442
OGVG,44.81517,6.11233,FR4N01172A01,44.857,6.134
RSL,45.688207,6.624517,FR4N01142001,45.668,6.667
MH36,45.980278,7.670195,CH4N01356011,45.96,7.681
MH36,45.980278,7.670195,IT4L01506013,45.962,7.628
MH36,45.980278,7.670195,CH4N01357002,45.99,7.659
MH36,45.980278,7.670195,CH4N01357013,46.025,7.681
MH36,45.980278,7.670195,CH4N01357004,45.977,7.654
MH36,45.980278,7.670195,IT4L01506015,45.968,7.635
MH36,45.980278,7.670195,IT4L01506015,45.968,7.635
MH36,45.980278,7.670195,IT4L01506021,45.943,7.692
MH36,45.980278,7.670195,IT4L01506017,45.98,7.642
MH36,45.980278,7.670195,IT4L01506017,45.98,7.642
MH36,45.980278,7.670195,IT4L01506020,45.952,7.686
MH36,45.980278,7.670195,CH4N01357001,45.987,7.679
MH36,45.980278,7.670195,CH4N01357005,45.999,7.633
MH36,45.980278,7.670195,IT4L01506019,46.026,7.671
MH36,45.980278,7.670195,IT4L01506019,46.026,7.671
MH36,45.980278,7.670195,CH4N01356012,45.981,7.679
MH36,45.980278,7.670195,CH4N01357003,45.996,7.663
MH36,45.980278,7.670195,IT4L01506016,45.968,7.639
MH36,45.980278,7.670195,IT4L01506018,45.982,7.658
MH36,45.980278,7.670195,IT4L01506018,45.982,7.658
MH44,45.981289,7.671071,CH4N01356011,45.96,7.681
MH44,45.981289,7.671071,IT4L01506013,45.962,7.628
MH44,45.981289,7.671071,CH4N01357002,45.99,7.659
MH44,45.981289,7.671071,CH4N01357013,46.025,7.681
MH44,45.981289,7.671071,CH4N01357004,45.977,7.654
MH44,45.981289,7.671071,IT4L01506015,45.968,7.635
MH44,45.981289,7.671071,IT4L01506015,45.968,7.635
MH44,45.981289,7.671071,IT4L01506021,45.943,7.692
MH44,45.981289,7.671071,IT4L01506017,45.98,7.642
MH44,45.981289,7.671071,IT4L01506017,45.98,7.642
MH44,45.981289,7.671071,IT4L01506020,45.952,7.686
MH44,45.981289,7.671071,CH4N01357001,45.987,7.679
MH44,45.981289,7.671071,CH4N01357005,45.999,7.633
MH44,45.981289,7.671071,IT4L01506019,46.026,7.671
MH44,45.981289,7.671071,IT4L01506019,46.026,7.671
MH44,45.981289,7.671071,CH4N01356012,45.981,7.679
MH44,45.981289,7.671071,CH4N01357003,45.996,7.663
MH44,45.981289,7.671071,IT4L01506016,45.968,7.639
MH44,45.981289,7.671071,IT4L01506018,45.982,7.658
MH44,45.981289,7.671071,IT4L01506018,45.982,7.658
MH48,45.97872,7.663,CH4N01356011,45.96,7.681
MH48,45.97872,7.663,IT4L01506013,45.962,7.628
MH48,45.97872,7.663,CH4N01357002,45.99,7.659
MH48,45.97872,7.663,CH4N01357013,46.025,7.681
MH48,45.97872,7.663,CH4N01357004,45.977,7.654
MH48,45.97872,7.663,IT4L01506015,45.968,7.635
MH48,45.97872,7.663,IT4L01506015,45.968,7.635
MH48,45.97872,7.663,IT4L01506021,45.943,7.692
MH48,45.97872,7.663,IT4L01506017,45.98,7.642
MH48,45.97872,7.663,IT4L01506017,45.98,7.642
MH48,45.97872,7.663,IT4L01506020,45.952,7.686
MH48,45.97872,7.663,CH4N01357001,45.987,7.679
MH48,45.97872,7.663,CH4N01357005,45.999,7.633
MH48,45.97872,7.663,IT4L01506019,46.026,7.671
MH48,45.97872,7.663,IT4L01506019,46.026,7.671
MH48,45.97872,7.663,CH4N01356012,45.981,7.679
MH48,45.97872,7.663,CH4N01357003,45.996,7.663
MH48,45.97872,7.663,IT4L01506016,45.968,7.639
MH48,45.97872,7.663,CH4N01357010,46.024,7.644
MH48,45.97872,7.663,IT4L01506014,45.958,7.62
MH48,45.97872,7.663,IT4L01506014,45.958,7.62
MH48,45.97872,7.663,IT4L01506018,45.982,7.658
MH48,45.97872,7.663,IT4L01506018,45.982,7.658
BUIN1,46.84219,10.11246,CH4J14350005,46.825,10.076
BUIN1,46.84219,10.11246,AT4R013IL009,46.865,10.095
BUIN1,46.84219,10.11246,CH4J14351007,46.851,10.157
BUIN1,46.84219,10.11246,CH4J14352001,46.831,10.16
BUIN1,46.84219,10.11246,CH4J14350006,46.832,10.078
BUIN1,46.84219,10.11246,CH4J14351001,46.813,10.121
BUIN1,46.84219,10.11246,CH4R0130G005,46.855,10.085
BUIN1,46.84219,10.11246,AT4R013IL012,46.878,10.082
BUIN1,46.84219,10.11246,CH4J14350008,46.83,10.105
BUIN1,46.84219,10.11246,CH4J14351004,46.848,10.126
BUIN1,46.84219,10.11246,AT4J143SN020,46.868,10.147
BUIN1,46.84219,10.11246,AT4R013IL007,46.853,10.125
BUIN1,46.84219,10.11246,AT4R013IL006,46.865,10.133
BUIN1,46.84219,10.11246,AT4R013IL008,46.855,10.105
BUIN1,46.84219,10.11246,CH4J14351002,46.827,10.112
BUIN1,46.84219,10.11246,CH4J14351005,46.847,10.136
BUIN1,46.84219,10.11246,CH4J14350007,46.845,10.095
BUIN1,46.84219,10.11246,AT4J143SN028,46.88,10.138
BUIN1,46.84219,10.11246,AT4R013IL013,46.868,10.073
BUIN1,46.84219,10.11246,CH4R0130G008,46.842,10.075
BUIN1,46.84219,10.11246,AT4R013IL005,46.87,10.132
BUIN1,46.84219,10.11246,CH4R0130G004,46.859,10.093
BUIN1,46.84219,10.11246,CH4J14351008,46.842,10.154
BUIN1,46.84219,10.11246,CH4J14351003,46.834,10.107
BUIN1,46.84219,10.11246,CH4R0130G012,46.836,10.067
BUIN1,46.84219,10.11246,CH4J14351006,46.85,10.151
BUIN1,46.84219,10.11246,AT4R013IL014,46.863,10.072
BUIN1,46.84219,10.11246,CH4R0130G007,46.845,10.08
BUIN1,46.84219,10.11246,CH4R0130G013,46.831,10.071
BUIN1,46.84219,10.11246,AT4R013IL011,46.875,10.088
BUIN1,46.84219,10.11246,AT4R013IL010,46.873,10.093
BUIN1,46.84219,10.11246,CH4R0130G006,46.85,10.067
BUIN2,46.83545,10.12349,CH4J14350005,46.825,10.076
BUIN2,46.83545,10.12349,AT4R013IL009,46.865,10.095
BUIN2,46.83545,10.12349,CH4J14351007,46.851,10.157
BUIN2,46.83545,10.12349,CH4J14352001,46.831,10.16
BUIN2,46.83545,10.12349,CH4J14350006,46.832,10.078
BUIN2,46.83545,10.12349,CH4J14351001,46.813,10.121
BUIN2,46.83545,10.12349,CH4R0130G005,46.855,10.085
BUIN2,46.83545,10.12349,CH4J14350008,46.83,10.105
BUIN2,46.83545,10.12349,AT4J143SN021,46.877,10.15
BUIN2,46.83545,10.12349,CH4J14351004,46.848,10.126
BUIN2,46.83545,10.12349,CH4J14352002,46.85,10.168
BUIN2,46.83545,10.12349,AT4J143SN020,46.868,10.147
BUIN2,46.83545,10.12349,AT4R013IL007,46.853,10.125
BUIN2,46.83545,10.12349,AT4R013IL006,46.865,10.133
BUIN2,46.83545,10.12349,AT4R013IL008,46.855,10.105
BUIN2,46.83545,10.12349,CH4J14351002,46.827,10.112
BUIN2,46.83545,10.12349,CH4J14351005,46.847,10.136
BUIN2,46.83545,10.12349,CH4J14350007,46.845,10.095
BUIN2,46.83545,10.12349,AT4J143SN028,46.88,10.138
BUIN2,46.83545,10.12349,CH4R0130G008,46.842,10.075
BUIN2,46.83545,10.12349,AT4R013IL005,46.87,10.132
BUIN2,46.83545,10.12349,CH4R0130G004,46.859,10.093
BUIN2,46.83545,10.12349,CH4J14351008,46.842,10.154
BUIN2,46.83545,10.12349,CH4J14351003,46.834,10.107
BUIN2,46.83545,10.12349,CH4J14351006,46.85,10.151
BUIN2,46.83545,10.12349,CH4R0130G007,46.845,10.08
BUIN2,46.83545,10.12349,AT4J143SN019,46.862,10.162
BUIN2,46.83545,10.12349,AT4R013IL010,46.873,10.093
DSMA,46.71977757,9.922640925,CH4R0132D005,46.69,9.907
DSMA,46.71977757,9.922640925,CH4J14342007,46.681,9.895
DSMA,46.71977757,9.922640925,CH4J14346001,46.726,9.959
DSMA,46.71977757,9.922640925,CH4J14346002,46.729,9.948
DSMA,46.71977757,9.922640925,CH4R0132D006,46.715,9.899
DSMA,46.71977757,9.922640925,CH4R0132D003,46.699,9.953
DSMA,46.71977757,9.922640925,CH4R0132D008,46.685,9.896
DSMA,46.71977757,9.922640925,CH4J14345009,46.701,9.961
DSMA,46.71977757,9.922640925,CH4J14342009,46.691,9.943
DSMA,46.71977757,9.922640925,CH4J14346003,46.741,9.945
DSMA,46.71977757,9.922640925,CH4R0132D002,46.753,9.935
DSMA,46.71977757,9.922640925,CH4J14342008,46.693,9.939
DSMA,46.71977757,9.922640925,CH4J14342010,46.693,9.95
DSMA,46.71977757,9.922640925,CH4R0132D004,46.704,9.941
DSMA,46.71977757,9.922640925,CH4R0132D007,46.688,9.901
ILL12,46.2873,7.62994,CH4N01361001,46.25,7.66
ILL12,46.2873,7.62994,CH4N01362001,46.248,7.64
ILL12,46.2873,7.62994,CH4N01361002,46.244,7.652
ILL14,46.26459,7.62754,CH4N01361001,46.25,7.66
ILL14,46.26459,7.62754,CH4N01362001,46.248,7.64
ILL14,46.26459,7.62754,CH4N01361002,46.244,7.652
ILL15,46.25525,7.61326,CH4N01361001,46.25,7.66
ILL15,46.25525,7.61326,CH4N01362001,46.248,7.64
ILL15,46.25525,7.61326,CH4N01361002,46.244,7.652
ILL18,46.27759,7.61525,CH4N01362001,46.248,7.64
ILL18,46.27759,7.61525,CH4N01361002,46.244,7.652
BERNI,46.413636,10.023095,CH4J14321004,46.456,10.021
BERNI,46.413636,10.023095,CH4J14321003,46.453,10.034
BERNI,46.413636,10.023095,CH4J14321006,46.433,10.017
BERNI,46.413636,10.023095,CH4L01193007,46.393,10.011
BERNI,46.413636,10.023095,CH4J14321007,46.402,9.986
BERNI,46.413636,10.023095,CH4L01193006,46.389,10.005
BERNI,46.413636,10.023095,CH4J14321005,46.447,10.04
BERNI,46.413636,10.023095,CH4L01193009,46.393,9.995
BERNI,46.413636,10.023095,CH4L01193008,46.393,10.006
BNALP,46.87034,8.4249,CH4R0141H001,46.856,8.438
DIX,46.081053,7.408391,CH4N01374002,46.069,7.424
DIX,46.081053,7.408391,CH4N01374018,46.071,7.362
DIX,46.081053,7.408391,CH4N01374003,46.064,7.427
DIX,46.081053,7.408391,CH4N01373024,46.058,7.445
DIX,46.081053,7.408391,CH4N01373021,46.044,7.433
DIX,46.081053,7.408391,CH4N01373025,46.072,7.454
DIX,46.081053,7.408391,CH4N01373022,46.048,7.44
DIX,46.081053,7.408391,CH4N01373026,46.075,7.444
DIX,46.081053,7.408391,CH4N01373023,46.054,7.438
DIX,46.081053,7.408391,CH4N01374001,46.076,7.428
DIX,46.081053,7.408391,CH4N01374004,46.062,7.431
DIX,46.081053,7.408391,CH4N01375004,46.085,7.362
DIX,46.081053,7.408391,CH4N01374019,46.102,7.364
DIX,46.081053,7.408391,CH4N01374005,46.053,7.429
EMBD,46.21652,7.83223,CH4N01358024,46.235,7.801
FIESA,46.43521,8.11051,CH4N01340003,46.474,8.109
FIESA,46.43521,8.11051,CH4N01340005,46.478,8.114
FIESA,46.43521,8.11051,CH4N01340001,46.471,8.102
FIESA,46.43521,8.11051,CH4N01336033,46.478,8.099
FIESA,46.43521,8.11051,CH4N01340002,46.468,8.108
FIESA,46.43521,8.11051,CH4N01340004,46.48,8.108
FUSIO,46.45481,8.6629,CH4L01232006,46.48,8.682
GRIMS,46.578146,8.318864,CH4R0144F011,46.598,8.36
GRIMS,46.578146,8.318864,CH4R0144F010,46.607,8.359
GRIMS,46.578146,8.318864,CH4R0144G024,46.581,8.277
GRIMS,46.578146,8.318864,CH4N01343001,46.589,8.366
GRIMS,46.578146,8.318864,CH4R0144H002,46.597,8.28
GRIMS,46.578146,8.318864,CH4R0144G023,46.579,8.285
GRIMS,46.578146,8.318864,CH4R0144F012,46.587,8.36
GRIMS,46.578146,8.318864,CH4R0144H001,46.598,8.288
GRYON,46.25053,7.11106,CH4N01321003,46.24,7.152
GRYON,46.25053,7.11106,CH4N01317006,46.244,7.128
GRYON,46.25053,7.11106,CH4N01317004,46.242,7.138
GRYON,46.25053,7.11106,CH4N01317003,46.246,7.145
GRYON,46.25053,7.11106,CH4N01320001,46.236,7.136
GRYON,46.25053,7.11106,CH4N01317005,46.244,7.136
GRYON,46.25053,7.11106,CH4N01317002,46.258,7.159
GRYON,46.25053,7.11106,CH4N01321004,46.249,7.157
GRYON,46.25053,7.11106,CH4N01317007,46.213,7.105
ILLEZ,46.21934,6.94038,CH4N01394001,46.178,6.956
ILLEZ,46.21934,6.94038,CH4N01395001,46.178,6.942
ILLEZ,46.21934,6.94038,CH4N01395002,46.174,6.943
LAUCH,46.41554,7.77166,CH4R0145B015,46.429,7.735
LAUCH,46.41554,7.77166,CH4R0145B014,46.451,7.781
LAUCH,46.41554,7.77166,CH4N01332008,46.382,7.805
LAUCH,46.41554,7.77166,CH4N01330005,46.428,7.752
LKBD2,46.37455,7.64433,CH4N01325006,46.386,7.687
LKBD2,46.37455,7.64433,CH4R0145C005,46.419,7.667
LKBD2,46.37455,7.64433,CH4R0145C008,46.419,7.644
LKBD2,46.37455,7.64433,CH4N01325007,46.381,7.683
LKBD2,46.37455,7.64433,CH4N01330001,46.382,7.693
LKBD2,46.37455,7.64433,CH4R0145C007,46.418,7.652
LKBD2,46.37455,7.64433,CH4R0145C009,46.387,7.598
LLS,46.84676,9.00825,CH4R0140I010,46.837,8.983
LLS,46.84676,9.00825,CH4R0134N008,46.86,9.053
LLS,46.84676,9.00825,CH4R0140I007,46.834,8.989
LLS,46.84676,9.00825,CH4R0140I006,46.813,8.973
LLS,46.84676,9.00825,CH4R0134N007,46.84,9.042
LLS,46.84676,9.00825,CH4R0140I002,46.877,9.042
LLS,46.84676,9.00825,CH4R0140I009,46.848,8.984
LLS,46.84676,9.00825,CH4R0140I005,46.812,8.997
LLS,46.84676,9.00825,CH4R0140I004,46.867,9.04
LLS,46.84676,9.00825,CH4R0140I008,46.84,8.987
MFERR,45.95101,7.11229,CH4N01385013,45.963,7.076
MFERR,45.95101,7.11229,CH4N01385012,45.951,7.082
MFERR,45.95101,7.11229,CH4N01385014,45.962,7.082
MFERR,45.95101,7.11229,CH4N01385011,45.956,7.073
MFERR,45.95101,7.11229,CH4N01384026,45.942,7.142
MFERR,45.95101,7.11229,CH4N01384025,45.919,7.136
MFERR,45.95101,7.11229,CH4N01385010,45.956,7.063
MFERR,45.95101,7.11229,CH4N01385015,45.974,7.075
MMK,46.0507,7.96409,CH4N01352015,46.043,7.99
MMK,46.0507,7.96409,CH4N01352021,46.001,7.969
MMK,46.0507,7.96409,CH4N01353003,46.073,7.928
MMK,46.0507,7.96409,CH4N01352033,46.067,7.927
MMK,46.0507,7.96409,CH4N01352023,46.012,7.945
MMK,46.0507,7.96409,CH4N01352034,46.079,7.936
MMK,46.0507,7.96409,CH4N01352029,46.041,7.927
MMK,46.0507,7.96409,CH4N01352013,46.044,7.997
MMK,46.0507,7.96409,CH4N01352027,46.029,7.924
MMK,46.0507,7.96409,CH4N01353001,46.084,7.935
MMK,46.0507,7.96409,CH4N01352014,46.055,7.989
MMK,46.0507,7.96409,CH4N01352028,46.038,7.933
MMK,46.0507,7.96409,CH4N01353002,46.079,7.928
MMK,46.0507,7.96409,CH4N01352025,46.024,7.927
MMK,46.0507,7.96409,CH4N01352031,46.055,7.926
MMK,46.0507,7.96409,CH4N01352018,46.021,7.994
MMK,46.0507,7.96409,CH4N01352012,46.042,8.004
MMK,46.0507,7.96409,CH4N01352032,46.059,7.918
NALPS,46.595121,8.74828,CH4R0134I006,46.605,8.704
NALPS,46.595121,8.74828,CH4R0134G015,46.621,8.791
NALPS,46.595121,8.74828,CH4R0134H005,46.576,8.741
NALPS,46.595121,8.74828,CH4R0134I004,46.591,8.699
NALPS,46.595121,8.74828,CH4R0134I001,46.585,8.73
NALPS,46.595121,8.74828,CH4R0134H004,46.61,8.775
NALPS,46.595121,8.74828,CH4R0134H006,46.6,8.736
NALPS,46.595121,8.74828,CH4R0134I002,46.579,8.726
NALPS,46.595121,8.74828,CH4R0134I003,46.576,8.715
NALPS,46.595121,8.74828,CH4R0134G011,46.585,8.759
NALPS,46.595121,8.74828,CH4R0134G012,46.603,8.775
NALPS,46.595121,8.74828,CH4R0134H002,46.619,8.783
NALPS,46.595121,8.74828,CH4R0134G014,46.614,8.792
NALPS,46.595121,8.74828,CH4R0134H003,46.614,8.775
NALPS,46.595121,8.74828,CH4R0134G013,46.607,8.774
SALAN,46.14415,6.97302,CH4N01393005,46.163,6.939
SALAN,46.14415,6.97302,CH4N01393002,46.133,6.94
SALAN,46.14415,6.97302,CH4N01392009,46.122,6.932
SALAN,46.14415,6.97302,CH4N01394001,46.178,6.956
SALAN,46.14415,6.97302,CH4N01395001,46.178,6.942
SALAN,46.14415,6.97302,CH4N01393003,46.133,6.931
SALAN,46.14415,6.97302,CH4N01393006,46.168,6.94
SALAN,46.14415,6.97302,CH4N01395002,46.174,6.943
SALAN,46.14415,6.97302,CH4N01393001,46.139,6.931
SALAN,46.14415,6.97302,CH4N01393004,46.144,6.926
SENIN,46.36335,7.29938,CH4R0146E002,46.342,7.267
SENIN,46.36335,7.29938,CH4R0146D007,46.352,7.313
SENIN,46.36335,7.29938,CH4R0146D004,46.352,7.342
SENIN,46.36335,7.29938,CH4R0146D006,46.354,7.314
SENIN,46.36335,7.29938,CH4R0146D005,46.35,7.323
SENIN,46.36335,7.29938,CH4N01322002,46.335,7.262
SENIN,46.36335,7.29938,CH4N01322003,46.344,7.332
SIMPL,46.23962,8.01958,CH4N01347006,46.261,8.001
SIMPL,46.23962,8.01958,CH4L01202007,46.2,8.003
SIMPL,46.23962,8.01958,CH4L01203003,46.208,7.999
SIMPL,46.23962,8.01958,CH4L01203001,46.242,8.053
SIMPL,46.23962,8.01958,CH4L01203002,46.213,8.007
SIMPL,46.23962,8.01958,CH4L01202006,46.193,8.002
SIMPL,46.23962,8.01958,CH4N01350001,46.203,7.994
SIMPL,46.23962,8.01958,CH4L01203004,46.205,7.999
SIMPL,46.23962,8.01958,CH4N01347007,46.268,7.986
SIMPL,46.23962,8.01958,CH4N01347005,46.241,8.065
VDL,46.48318,9.44956,CH4R0133H002,46.472,9.414
VDL,46.48318,9.44956,CH4R0133H001,46.478,9.423
SPA0,78.177711,16.36998,NO4W01420015,78.133,16.383
SPB1,78.179558,16.3906,NO4W01420015,78.133,16.383
SPB2,78.174217,16.384609,NO4W01420015,78.133,16.383
SPB3,78.173721,16.3584,NO4W01420015,78.133,16.383
BAS23,59.93083,6.21183,NO4A000AJ004,59.978,6.217
JNW,71.02734,-8.42367,NO4W00110516,71.017,-8.417
JNW,71.02734,-8.42367,NO4W00110514,71.017,-8.417
JNW,71.02734,-8.42367,NO4W00110517,71.017,-8.417
JNW,71.02734,-8.42367,NO4W00110506,71.017,-8.417
JNW,71.02734,-8.42367,NO4W00110503,71.017,-8.417
JNW,71.02734,-8.42367,NO4W00110507,71.017,-8.417
JNW,71.02734,-8.42367,NO4W00110519,71.017,-8.417
JNW,71.02734,-8.42367,NO4W00110513,71.017,-8.417
JNW,71.02734,-8.42367,NO4W00110512,71.017,-8.417
JNW,71.02734,-8.42367,NO4W00110521,71.017,-8.417
JNW,71.02734,-8.42367,NO4W00110525,71.017,-8.417
JNW,71.02734,-8.42367,NO4W00110526,71.017,-8.417
JNW,71.02734,-8.42367,NO4W00110520,71.017,-8.417
JNW,71.02734,-8.42367,NO4W00110523,71.017,-8.417
JNW,71.02734,-8.42367,NO4W00110510,71.017,-8.417
JNW,71.02734,-8.42367,NO4W00110504,71.017,-8.417
JNW,71.02734,-8.42367,NO4W00110505,71.017,-8.417
JNW,71.02734,-8.42367,NO4W00110518,71.017,-8.417
JNW,71.02734,-8.42367,NO4W00110515,71.017,-8.417
JNW,71.02734,-8.42367,NO4W00110524,71.017,-8.417
JNW,71.02734,-8.42367,NO4W00110501,71.017,-8.417
JNW,71.02734,-8.42367,NO4W00110508,71.017,-8.417
JNW,71.02734,-8.42367,NO4W00110509,71.017,-8.417
JNW,71.02734,-8.42367,NO4W00110511,71.017,-8.417
JNW,71.02734,-8.42367,NO4W00110527,71.017,-8.417
JNW,71.02734,-8.42367,NO4W00110502,71.017,-8.417
JNW,71.02734,-8.42367,NO4W00110500,71.017,-8.417
JNW,71.02734,-8.42367,NO4W00110522,71.017,-8.417
LOSSI,68.191,17.7915,NO4A000DW007,68.233,17.817
LOSSI,68.191,17.7915,NO4A000DW047,68.15,17.814
LOSSI,68.191,17.7915,NO4A000DW006,68.228,17.819
